experiment,dataset,method,workers,run1,run2,run3,run4,run5,mean,speedup
threads_cpu,1000000,Sequential,1,0.4485,0.4415,0.4472,0.4449,0.4434,0.4451,1.00
threads_cpu,1000000,ThreadPoolExecutor,1,0.4578,0.4507,0.4525,0.4516,0.4541,0.4533,0.98
threads_cpu,1000000,ThreadPoolExecutor,2,0.4568,0.4750,0.4773,0.4499,0.4733,0.4665,0.95
threads_cpu,1000000,ThreadPoolExecutor,4,0.4707,0.4630,0.4608,0.4648,0.4610,0.4641,0.96
threads_cpu,1000000,ThreadPoolExecutor,8,0.4618,0.4687,0.5732,0.4756,0.4609,0.4880,0.91
threads_files_local,1000000,Sequential read,1,0.9547,1.0554,1.0303,1.0433,1.0475,1.0262,1.00
threads_files_local,1000000,ThreadPoolExecutor read,1,1.0029,1.0620,1.0363,1.0374,1.1287,1.0534,0.97
threads_files_local,1000000,ThreadPoolExecutor read,2,1.0344,1.1067,1.0945,1.3957,1.0994,1.1462,0.90
threads_files_local,1000000,ThreadPoolExecutor read,4,1.0389,1.1576,1.1431,1.1199,1.1445,1.1208,0.92
threads_files_local,1000000,ThreadPoolExecutor read,8,1.1676,1.2619,1.1044,1.1123,1.3685,1.2030,0.85
threads_files_slow,100000,Sequential read,1,1.1561,1.2019,1.1745,1.1842,1.2051,1.1844,1.00
threads_files_slow,100000,ThreadPoolExecutor read,1,1.1670,1.1676,1.1614,1.0780,1.1911,1.1530,1.03
threads_files_slow,100000,ThreadPoolExecutor read,2,0.5580,0.5707,0.5471,0.5794,0.5572,0.5625,2.11
threads_files_slow,100000,ThreadPoolExecutor read,4,0.2800,0.3086,0.2901,0.2913,0.2958,0.2932,4.04
threads_files_slow,100000,ThreadPoolExecutor read,8,0.1863,0.1796,0.1897,0.1739,0.1861,0.1831,6.47
numpy,10000,Sequential,1,0.0045,0.0047,0.0046,0.0046,0.0044,0.0045,1.00
numpy,10000,NumPy + to_arrays,–,0.0035,0.0028,0.0027,0.0027,0.0027,0.0029,1.59
numpy,10000,NumPy (arrays ready),–,0.0003,0.0003,0.0003,0.0003,0.0003,0.0003,14.72
numpy,100000,Sequential,1,0.0473,0.0445,0.0466,0.0454,0.0451,0.0458,1.00
numpy,100000,NumPy + to_arrays,–,0.0324,0.0280,0.0282,0.0286,0.0281,0.0290,1.58
numpy,100000,NumPy (arrays ready),–,0.0038,0.0039,0.0039,0.0041,0.0038,0.0039,11.73
numpy,1000000,Sequential,1,0.4590,0.4638,0.4565,0.4554,0.4631,0.4596,1.00
numpy,1000000,NumPy + to_arrays,–,0.2897,0.2847,0.2857,0.2835,0.2839,0.2855,1.61
numpy,1000000,NumPy (arrays ready),–,0.0436,0.0411,0.0413,0.0413,0.0417,0.0418,11.00
statistics,10000,Sequential,1,0.0044,0.0043,0.0043,0.0042,0.0041,0.0043,1.00
statistics,10000,ThreadPoolExecutor,4,0.0045,0.0042,0.0043,0.0043,0.0043,0.0043,0.99
statistics,10000,ProcessPoolExecutor,4,0.0951,0.0903,0.0891,0.0893,0.0903,0.0908,0.05
statistics,10000,NumPy,–,0.0005,0.0004,0.0003,0.0003,0.0003,0.0004,11.45
statistics,100000,Sequential,1,0.0441,0.0433,0.0441,0.0440,0.0429,0.0437,1.00
statistics,100000,ThreadPoolExecutor,4,0.0442,0.0443,0.0450,0.0448,0.0449,0.0446,0.98
statistics,100000,ProcessPoolExecutor,4,0.1265,0.1228,0.1222,0.1251,0.1204,0.1234,0.35
statistics,100000,NumPy,–,0.0058,0.0039,0.0037,0.0037,0.0045,0.0043,10.17
statistics,1000000,Sequential,1,0.4456,0.4340,0.4358,0.4338,0.4340,0.4366,1.00
statistics,1000000,ThreadPoolExecutor,4,0.4622,0.4619,0.4586,0.4550,0.4648,0.4605,0.95
statistics,1000000,ProcessPoolExecutor,4,0.7854,0.8375,0.7329,0.7325,0.7261,0.7629,0.57
statistics,1000000,NumPy,–,0.0424,0.0409,0.0396,0.0409,0.0407,0.0409,10.68
processes_memory,10000,Sequential,1,0.0046,0.0045,0.0044,0.0046,0.0043,0.0045,1.00
processes_memory,10000,ProcessPoolExecutor,1,0.0810,0.0790,0.0793,0.0788,0.0790,0.0794,0.06
processes_memory,10000,ProcessPoolExecutor,2,0.0818,0.0792,0.0807,0.0811,0.0811,0.0808,0.06
processes_memory,10000,ProcessPoolExecutor,4,0.0889,0.0904,0.0895,0.0890,0.0887,0.0893,0.05
processes_memory,10000,ProcessPoolExecutor,8,0.1415,0.1497,0.1471,0.1463,0.1463,0.1462,0.03
processes_memory,100000,Sequential,1,0.0476,0.0456,0.0457,0.0448,0.0463,0.0460,1.00
processes_memory,100000,ProcessPoolExecutor,1,0.1479,0.1477,0.1510,0.1470,0.1505,0.1488,0.31
processes_memory,100000,ProcessPoolExecutor,2,0.1304,0.1396,0.1317,0.1295,0.1269,0.1316,0.35
processes_memory,100000,ProcessPoolExecutor,4,0.1269,0.1225,0.1235,0.1224,0.1252,0.1241,0.37
processes_memory,100000,ProcessPoolExecutor,8,0.1786,0.1718,0.1856,0.1719,0.1718,0.1759,0.26
processes_memory,1000000,Sequential,1,0.5511,0.4572,0.4572,0.5432,0.4582,0.4934,1.00
processes_memory,1000000,ProcessPoolExecutor,1,1.5489,1.4053,1.7702,1.6870,1.5845,1.5992,0.31
processes_memory,1000000,ProcessPoolExecutor,2,1.0042,0.9800,1.0373,1.0166,1.0123,1.0101,0.49
processes_memory,1000000,ProcessPoolExecutor,4,0.8989,0.8050,0.7240,0.7145,0.7106,0.7706,0.64
processes_memory,1000000,ProcessPoolExecutor,8,0.6155,0.6101,0.6047,0.6225,0.6089,0.6123,0.81
processes_memory,1000000,multiprocessing.Process,4,0.9844,0.9974,1.0064,0.9968,0.9911,0.9952,0.50
processes_files,1000000,Sequential files,1,1.5655,1.5677,1.5559,1.5406,1.5567,1.5573,1.00
processes_files,1000000,ProcessPoolExecutor files,1,1.7209,1.6363,1.7326,1.6681,1.6251,1.6766,0.93
processes_files,1000000,ProcessPoolExecutor files,2,0.8827,0.8766,0.8749,0.9012,0.8783,0.8827,1.76
processes_files,1000000,ProcessPoolExecutor files,4,0.5881,0.5200,0.5257,0.5499,0.5826,0.5533,2.81
processes_files,1000000,ProcessPoolExecutor files,8,0.5858,0.5290,0.5435,0.5785,0.6818,0.5837,2.67
