order_id,dish,category,price,quantity
101,Борщ,Перші страви,95.00,2
101,Вареники,Основні страви,120.00,1
101,Узвар,Напої,45.00,2
102,Стейк,Основні страви,280.00,1
102,Капучино,Напої,75.00,2
abc,Сирник,Десерти,85.00,1
103,,Перші страви,95.00,1
103,Деруни,Основні страви,110.00,1
103,Тірамісу,Десерти,110.00,1
104,Суші,Японська кухня,210.00,2
104,Борщ,Перші страви,95.00,1
104,Бульйон,Перші страви,0,1
105,Стейк,Основні страви,650.00,1
105,Сирник,Десерти,85.00,0
105,Узвар,Напої,45.00,два
106,Капучино,Напої
106,Вареники,Основні страви,120.00,2
106,Сирник,Десерти,85.00,3
